{
  "ratio": 5.7131765747070311,
  "CenPoint": {
    "X": 988.9868,
    "Y": 741.661865
  }
}